{
  "gRPC-[1-100-10] Request" : {
    "transaction" : "gRPC-[1-100-10] Request",
    "sampleCount" : 1000,
    "errorCount" : 52,
    "errorPct" : 5.2,
    "meanResTime" : 6188.124999999997,
    "medianResTime" : 5249.5,
    "minResTime" : 15.0,
    "maxResTime" : 19189.0,
    "pct1ResTime" : 13929.699999999992,
    "pct2ResTime" : 17867.85,
    "pct3ResTime" : 19002.93,
    "throughput" : 14.971404617181184,
    "receivedKBytesPerSec" : 3.4803252350510525,
    "sentKBytesPerSec" : 2.051316360750966
  },
  "gRPC-[1000-100-10] Request" : {
    "transaction" : "gRPC-[1000-100-10] Request",
    "sampleCount" : 1000,
    "errorCount" : 67,
    "errorPct" : 6.7,
    "meanResTime" : 15587.623999999983,
    "medianResTime" : 13747.5,
    "minResTime" : 1938.0,
    "maxResTime" : 39644.0,
    "pct1ResTime" : 24811.6,
    "pct2ResTime" : 29978.149999999998,
    "pct3ResTime" : 34325.53,
    "throughput" : 6.240132790025772,
    "receivedKBytesPerSec" : 1.6560422718295447,
    "sentKBytesPerSec" : 0.8585240506417977
  },
  "REST-[1000-100-10] Request" : {
    "transaction" : "REST-[1000-100-10] Request",
    "sampleCount" : 1000,
    "errorCount" : 27,
    "errorPct" : 2.7,
    "meanResTime" : 15621.633000000022,
    "medianResTime" : 13721.0,
    "minResTime" : 546.0,
    "maxResTime" : 35840.0,
    "pct1ResTime" : 24513.899999999998,
    "pct2ResTime" : 27357.8,
    "pct3ResTime" : 31942.000000000007,
    "throughput" : 6.240522206898273,
    "receivedKBytesPerSec" : 1.1077841056239586,
    "sentKBytesPerSec" : 0.895386957230581
  },
  "Total" : {
    "transaction" : "Total",
    "sampleCount" : 6000,
    "errorCount" : 325,
    "errorPct" : 5.4166665,
    "meanResTime" : 9665.902166666694,
    "medianResTime" : 8059.0,
    "minResTime" : 15.0,
    "maxResTime" : 39644.0,
    "pct1ResTime" : 18605.4,
    "pct2ResTime" : 21857.34999999999,
    "pct3ResTime" : 30165.809999999998,
    "throughput" : 37.43238774962723,
    "receivedKBytesPerSec" : 8.87921947817692,
    "sentKBytesPerSec" : 5.174930126209534
  },
  "REST-[1-100-10] Request" : {
    "transaction" : "REST-[1-100-10] Request",
    "sampleCount" : 1000,
    "errorCount" : 66,
    "errorPct" : 6.6,
    "meanResTime" : 6110.691000000002,
    "medianResTime" : 4861.0,
    "minResTime" : 32.0,
    "maxResTime" : 20342.0,
    "pct1ResTime" : 14102.099999999986,
    "pct2ResTime" : 17764.9,
    "pct3ResTime" : 18904.36,
    "throughput" : 15.057292999864485,
    "receivedKBytesPerSec" : 3.9634794769096415,
    "sentKBytesPerSec" : 2.032616919880144
  },
  "gRPC-[100-100-10] Request" : {
    "transaction" : "gRPC-[100-100-10] Request",
    "sampleCount" : 1000,
    "errorCount" : 59,
    "errorPct" : 5.9,
    "meanResTime" : 8088.305999999991,
    "medianResTime" : 6602.0,
    "minResTime" : 1830.0,
    "maxResTime" : 27682.0,
    "pct1ResTime" : 15913.799999999996,
    "pct2ResTime" : 20020.649999999998,
    "pct3ResTime" : 20570.510000000002,
    "throughput" : 11.898954081936196,
    "receivedKBytesPerSec" : 2.9486979383574683,
    "sentKBytesPerSec" : 1.6401732115872016
  },
  "REST-[100-100-10] Request" : {
    "transaction" : "REST-[100-100-10] Request",
    "sampleCount" : 1000,
    "errorCount" : 54,
    "errorPct" : 5.4,
    "meanResTime" : 6399.033999999995,
    "medianResTime" : 5652.0,
    "minResTime" : 125.0,
    "maxResTime" : 19340.0,
    "pct1ResTime" : 14301.599999999979,
    "pct2ResTime" : 18128.3,
    "pct3ResTime" : 19013.11,
    "throughput" : 14.587040872888526,
    "receivedKBytesPerSec" : 3.454763990795577,
    "sentKBytesPerSec" : 2.0213877928348456
  }
}