{
  "gRPC-[1000-100-10] Request" : {
    "transaction" : "gRPC-[1000-100-10] Request",
    "sampleCount" : 1000,
    "errorCount" : 59,
    "errorPct" : 5.9,
    "meanResTime" : 13322.814000000015,
    "medianResTime" : 13095.0,
    "minResTime" : 508.0,
    "maxResTime" : 26326.0,
    "pct1ResTime" : 17627.7,
    "pct2ResTime" : 18451.649999999998,
    "pct3ResTime" : 20657.89,
    "throughput" : 7.26158404194291,
    "receivedKBytesPerSec" : 1.7993056450646643,
    "sentKBytesPerSec" : 1.0076227911169042
  },
  "gRPC-[1-100-10] Request" : {
    "transaction" : "gRPC-[1-100-10] Request",
    "sampleCount" : 1000,
    "errorCount" : 59,
    "errorPct" : 5.9,
    "meanResTime" : 4432.496000000002,
    "medianResTime" : 3163.5,
    "minResTime" : 29.0,
    "maxResTime" : 13485.0,
    "pct1ResTime" : 9299.699999999999,
    "pct2ResTime" : 12976.849999999999,
    "pct3ResTime" : 13387.96,
    "throughput" : 20.36950278043713,
    "receivedKBytesPerSec" : 5.048354494276169,
    "sentKBytesPerSec" : 2.7703319465096854
  },
  "REST-[1000-100-10] Request" : {
    "transaction" : "REST-[1000-100-10] Request",
    "sampleCount" : 1000,
    "errorCount" : 29,
    "errorPct" : 2.9,
    "meanResTime" : 13512.303000000005,
    "medianResTime" : 13168.5,
    "minResTime" : 477.0,
    "maxResTime" : 24703.0,
    "pct1ResTime" : 17728.1,
    "pct2ResTime" : 18603.8,
    "pct3ResTime" : 21060.440000000006,
    "throughput" : 7.246219285088006,
    "receivedKBytesPerSec" : 1.3177009172807839,
    "sentKBytesPerSec" : 1.037546794725477
  },
  "Total" : {
    "transaction" : "Total",
    "sampleCount" : 6000,
    "errorCount" : 313,
    "errorPct" : 5.2166667,
    "meanResTime" : 7803.682999999977,
    "medianResTime" : 6146.0,
    "minResTime" : 29.0,
    "maxResTime" : 26326.0,
    "pct1ResTime" : 15515.0,
    "pct2ResTime" : 17278.9,
    "pct3ResTime" : 19269.749999999993,
    "throughput" : 43.43608380268435,
    "receivedKBytesPerSec" : 10.11061807511185,
    "sentKBytesPerSec" : 6.01765088609611
  },
  "REST-[1-100-10] Request" : {
    "transaction" : "REST-[1-100-10] Request",
    "sampleCount" : 1000,
    "errorCount" : 56,
    "errorPct" : 5.6,
    "meanResTime" : 4479.000000000009,
    "medianResTime" : 3081.0,
    "minResTime" : 509.0,
    "maxResTime" : 13471.0,
    "pct1ResTime" : 9215.399999999996,
    "pct2ResTime" : 12819.8,
    "pct3ResTime" : 13349.99,
    "throughput" : 20.073468896159945,
    "receivedKBytesPerSec" : 4.840842483489572,
    "sentKBytesPerSec" : 2.7387739125198225
  },
  "gRPC-[100-100-10] Request" : {
    "transaction" : "gRPC-[100-100-10] Request",
    "sampleCount" : 1000,
    "errorCount" : 57,
    "errorPct" : 5.7,
    "meanResTime" : 6324.737000000009,
    "medianResTime" : 5521.0,
    "minResTime" : 515.0,
    "maxResTime" : 14626.0,
    "pct1ResTime" : 11638.0,
    "pct2ResTime" : 13969.95,
    "pct3ResTime" : 14462.86,
    "throughput" : 15.264612049884754,
    "receivedKBytesPerSec" : 3.7143243357985685,
    "sentKBytesPerSec" : 2.108573607867381
  },
  "REST-[100-100-10] Request" : {
    "transaction" : "REST-[100-100-10] Request",
    "sampleCount" : 1000,
    "errorCount" : 53,
    "errorPct" : 5.3,
    "meanResTime" : 4750.747999999997,
    "medianResTime" : 3981.0,
    "minResTime" : 110.0,
    "maxResTime" : 13599.0,
    "pct1ResTime" : 9121.5,
    "pct2ResTime" : 12819.9,
    "pct3ResTime" : 13414.89,
    "throughput" : 19.705598360494214,
    "receivedKBytesPerSec" : 4.624215009015312,
    "sentKBytesPerSec" : 2.7335744600666048
  }
}