{
  "gRPC-[1-100-10] Request" : {
    "transaction" : "gRPC-[1-100-10] Request",
    "sampleCount" : 1000,
    "errorCount" : 0,
    "errorPct" : 0.0,
    "meanResTime" : 5355.446999999997,
    "medianResTime" : 4029.5,
    "minResTime" : 1538.0,
    "maxResTime" : 14856.0,
    "pct1ResTime" : 10354.0,
    "pct2ResTime" : 13962.95,
    "pct3ResTime" : 14334.0,
    "throughput" : 17.819594426030864,
    "receivedKBytesPerSec" : 2.1056356694821625,
    "sentKBytesPerSec" : 2.5754882568872732
  },
  "gRPC-[1000-100-10] Request" : {
    "transaction" : "gRPC-[1000-100-10] Request",
    "sampleCount" : 1000,
    "errorCount" : 0,
    "errorPct" : 0.0,
    "meanResTime" : 14908.964000000007,
    "medianResTime" : 13681.5,
    "minResTime" : 2596.0,
    "maxResTime" : 28528.0,
    "pct1ResTime" : 20014.9,
    "pct2ResTime" : 20900.399999999998,
    "pct3ResTime" : 23745.68,
    "throughput" : 6.608555435867274,
    "receivedKBytesPerSec" : 0.7808937575585353,
    "sentKBytesPerSec" : 0.9745037800937094
  },
  "REST-[1000-100-10] Request" : {
    "transaction" : "REST-[1000-100-10] Request",
    "sampleCount" : 1000,
    "errorCount" : 0,
    "errorPct" : 0.0,
    "meanResTime" : 14879.856999999989,
    "medianResTime" : 13592.5,
    "minResTime" : 3307.0,
    "maxResTime" : 28682.0,
    "pct1ResTime" : 20094.8,
    "pct2ResTime" : 20802.149999999998,
    "pct3ResTime" : 22424.55,
    "throughput" : 6.609603754254932,
    "receivedKBytesPerSec" : 0.7810176311180146,
    "sentKBytesPerSec" : 0.974658366105952
  },
  "Total" : {
    "transaction" : "Total",
    "sampleCount" : 6000,
    "errorCount" : 0,
    "errorPct" : 0.0,
    "meanResTime" : 8866.206666666652,
    "medianResTime" : 7901.0,
    "minResTime" : 17.0,
    "maxResTime" : 28682.0,
    "pct1ResTime" : 16634.20000000001,
    "pct2ResTime" : 19360.649999999998,
    "pct3ResTime" : 21561.89,
    "throughput" : 39.64923642178857,
    "receivedKBytesPerSec" : 4.685114850621502,
    "sentKBytesPerSec" : 5.795086963991885
  },
  "REST-[1-100-10] Request" : {
    "transaction" : "REST-[1-100-10] Request",
    "sampleCount" : 1000,
    "errorCount" : 0,
    "errorPct" : 0.0,
    "meanResTime" : 5327.40400000001,
    "medianResTime" : 4261.5,
    "minResTime" : 17.0,
    "maxResTime" : 14603.0,
    "pct1ResTime" : 10312.4,
    "pct2ResTime" : 13683.4,
    "pct3ResTime" : 14350.89,
    "throughput" : 17.875017875017875,
    "receivedKBytesPerSec" : 2.1121847293722293,
    "sentKBytesPerSec" : 2.583498677248677
  },
  "gRPC-[100-100-10] Request" : {
    "transaction" : "gRPC-[100-100-10] Request",
    "sampleCount" : 1000,
    "errorCount" : 0,
    "errorPct" : 0.0,
    "meanResTime" : 7176.672999999996,
    "medianResTime" : 5963.0,
    "minResTime" : 2082.0,
    "maxResTime" : 15639.0,
    "pct1ResTime" : 13291.1,
    "pct2ResTime" : 14858.05,
    "pct3ResTime" : 15286.89,
    "throughput" : 13.458225667527994,
    "receivedKBytesPerSec" : 1.590278618916882,
    "sentKBytesPerSec" : 1.9714197755167957
  },
  "REST-[100-100-10] Request" : {
    "transaction" : "REST-[100-100-10] Request",
    "sampleCount" : 1000,
    "errorCount" : 0,
    "errorPct" : 0.0,
    "meanResTime" : 5548.894999999999,
    "medianResTime" : 4622.0,
    "minResTime" : 402.0,
    "maxResTime" : 14863.0,
    "pct1ResTime" : 10414.8,
    "pct2ResTime" : 13806.599999999999,
    "pct3ResTime" : 14426.9,
    "throughput" : 17.55525516563383,
    "receivedKBytesPerSec" : 2.074400268595404,
    "sentKBytesPerSec" : 2.5715705809033933
  }
}